<?xml version="1.0" encoding="UTF-8"?>
<project-private xmlns="http://www.netbeans.org/ns/project-private/1">
    <editor-bookmarks xmlns="http://www.netbeans.org/ns/editor-bookmarks/2" lastBookmarkId="0"/>
    <open-files xmlns="http://www.netbeans.org/ns/projectui-open-files/2">
        <group>
            <file>file:/G:/Baldochi/p2/deles/Trabalho14/src/ControlePrincipal.java</file>
            <file>file:/G:/Baldochi/p2/deles/Trabalho14/src/Cliente.java</file>
            <file>file:/G:/Baldochi/p2/deles/Trabalho14/src/LimitePrincipal.java</file>
        </group>
    </open-files>
</project-private>
